Tm,Tr,Tc,Tr*Tc,Block Size,GFLOPS
18,16,8,128,2304,44.91891834
18,16,7,112,2016,39.38313615
18,16,6,96,1728,41.27236408
18,16,5,80,1440,40.25726695
18,16,4,64,1152,42.27330016
