Tm,Tr,Tc,Tr*Tc,Block Size,GFLOPS
18,16,15,240,4320,42.10091844
18,15,15,225,4050,37.744018
18,14,15,210,3780,37.63817386
18,13,15,195,3510,35.99295468
18,12,15,180,3240,38.0435737
18,11,15,165,2970,37.86113625
18,10,15,150,2700,36.32414831
18,9,15,135,2430,38.08675596
18,8,15,120,2160,38.18427539
18,7,15,105,1890,34.20431397
18,6,15,90,1620,32.97732875
18,5,15,75,1350,29.93926567
18,4,15,60,1080,31.48433685
