Tm,Tr,Tc,Tr*Tc,Block Size,GFLOPS
18,16,8,128,2304,44.91891834
17,16,8,128,2176,43.10138985
16,16,8,128,2048,42.02183093
15,16,8,128,1920,39.65073205
14,16,8,128,1792,42.77174251
13,16,8,128,1664,40.85775586
12,16,8,128,1536,39.85086936
11,16,8,128,1408,41.51491741
10,16,8,128,1280,38.79125087
9,16,8,128,1152,35.0621024
8,16,8,128,1024,39.67417322
7,16,8,128,896,35.18158008
6,16,8,128,768,31.06891852
5,16,8,128,640,35.10795919
4,16,8,128,512,29.49840176
